????,??? ????,??? ?????,??? ?????
1,????? ?????,??? 206,??? 2
2,????? ?????,??? 206,??? 3 (????????)
3,????? ?????,??? 206,??? 5
4,????? ?????,??? 206,SD
5,????? ?????,??? 207i,???? ????
6,????? ?????,??? 207i,????????
7,????? ?????,??? 207i,???????? ????
8,????? ?????,??? 207i,???????? ????????
9,????? ?????,??? 405,GLX
10,????? ?????,??? 405,GLX ??????????
11,????? ?????,??? 405,SLX
12,????? ?????,??? ????,????
13,????? ?????,??? ????,ELX
14,????? ?????,??? ????,TU5 ??????
15,????? ?????,??? ????,????????
16,????? ?????,???? LX,EF7
17,????? ?????,???? LX,??????????
18,????? ?????,???? ????,ELX
19,????? ?????,???? ???? ????,????
20,????? ?????,???? ???? ????,????? ????????
21,????? ?????,???,????
22,????? ?????,??? ????,????? ???????
23,????? ?????,??? ????,????? ????????
24,????? ?????,??? ????,???? F
25,????? ?????,????,????
26,????? ?????,???? ????,6 ????
27,????? ?????,???? ????,????????
28,????? ?????,????,????
29,????? ?????,????,????????
30,????? ?????,????,??????
31,????? ?????,??????,?????????
32,????? ?????,?????? 2,?????????
33,????? ?????,????? S5,?????
34,????? ?????,????? S7,?????
35,????? ?????,???????,?????
36,????? ?????,???? GRE (????),?????????
37,????? ?????,?????,????
38,?????,????? 111,????
39,?????,????? 131,????
40,?????,????? 132,????
41,?????,????,SX
42,?????,???? 2,SX
43,?????,???? 2,EX
44,?????,?????,????
45,?????,?????,????????
46,?????,????? S,?????????
47,?????,?????,????
48,?????,?????,????????
49,?????,????? R,????
50,?????,????? R,????????
51,?????,????? S,?????????
52,?????,?????,G ???????
53,?????,?????,????????
54,?????,????? G,?????????
55,?????,????,?????????
56,?????,???? SX,????
57,?????,???? SX,????????
58,?????,????,????
59,?????,???? ??????,????
60,?????,?????? (??),?????????
61,????? ?????,MVM 315,?????????
62,????? ?????,MVM 550,?????????
63,????? ?????,????? 5,?????????
64,????? ?????,????? 6,?????
65,????? ?????,???? 5,?????????
66,????? ?????,???? 7 ???,?????????
67,????? ?????,???? 8 ???,?????????
68,????? ?????,???? 8 ??????,?????????
69,???? ????,???? 3 ???,??? 4
70,???? ????,???? 3 ???,??? 6
71,???? ????,???? 2 ????,?????????
72,???? ????,???? ????,?????????
73,???? ????,???????,????? 7 ????
74,???? ????,??????? ?????,?????
75,???? ????,?????,?????????
76,???? ????,??????,?????????
77,???? ????,???? (????),?????????
78,?????? ?????,?? S5,?????????
79,?????? ?????,?? J4,?????????
80,?????? ?????,?? S3,?????????
81,?????? ?????,????? H6,?????????
82,?????? ?????,????? ??????,?????????
83,?????? ?????,MG 5,?????????
84,?????? ?????,MG RX5,?????????
85,???????,?????? (LF/YF),????
86,???????,?????? (LF/YF),????????
87,???????,?????? (LF/YF),??? ????
88,???????,?????? ??????,??????
89,???????,??????,????
90,???????,??????,????????
91,???????,??????,??? ????
92,???????,?????,????
93,???????,?????,????????
94,???????,?????,??? ????
95,???????,???????,????
96,???????,???????,????????
97,???????,???????,??? ????
98,???????,?? 20,????
99,???????,?? 20,????????
100,???????,?? 20,??? ????
101,???????,?? 10,????
102,???????,?? 10,????????
103,???????,?? 10,??? ????
104,???????,????/??????,????
105,???????,????/??????,????????
106,???????,????/??????,??? ????
107,???????,?????,????
108,???????,?????,????????
109,???????,?????,??? ????
110,???????,????,????
111,???????,????,????????
112,???????,????,??? ????
113,???????,?????,????
114,???????,?????,????????
115,???????,?????,??? ????
116,???????,???????,????
117,???????,???????,????????
118,???????,???????,??? ????
119,???????,????,????
120,???????,????,????????
121,???????,????,??? ????
122,???????,IONIQ (????/??????),??????
123,???????,IONIQ (????/??????),????
124,???,??????/K5,????
125,???,??????/K5,????????
126,???,??????/K5,??? ????
127,???,?????/?????,????
128,???,?????/?????,????????
129,???,?????/?????,??? ????
130,???,??????,????
131,???,??????,????????
132,???,??????,??? ????
133,???,????????,????
134,???,????????,????????
135,???,????????,??? ????
136,???,???,????
137,???,???,????????
138,???,???,??? ????
139,???,???????,????
140,???,???????,????????
141,???,???????,??? ????
142,???,??????/K7,????
143,???,??????/K7,????????
144,???,??????/K7,??? ????
145,???,???,????
146,???,???,????????
147,???,???,??? ????
148,???,???????,????
149,???,???????,????????
150,???,???????,??? ????
151,???,?????,????
152,???,?????,????????
153,???,?????,??? ????
154,???,????????,????
155,???,????????,????????
156,???,????????,??? ????
157,???,??????,????
158,???,??????,????????
159,???,??????,??? ????
160,??????,????,????
161,??????,????,????????
162,??????,????,??? ????
163,??????,?????,????
164,??????,?????,????????
165,??????,?????,??? ????
166,??????,?????,????
167,??????,?????,????????
168,??????,?????,??? ????
169,??????,??????/??????,????
170,??????,??????/??????,????????
171,??????,??????/??????,??? ????
172,??????,???????? (GX/VX),GX
173,??????,???????? (GX/VX),VX
174,??????,???????? (GX/VX),VXR
175,??????,?????,????
176,??????,?????,????????
177,??????,?????,??? ????
178,??????,??? 4,????
179,??????,??? 4,????????
180,??????,??? 4,??? ????
181,??????,???????,????
182,??????,???????,????????
183,??????,???????,??? ????
184,??????,???????,????
185,??????,???????,????????
186,??????,???????,??? ????
187,??????,???????,????
188,??????,???????,????????
189,??????,???????,??? ????
190,??????,?? ?? ??,????
191,??????,?? ?? ??,????????
192,??????,?? ?? ??,??? ????
193,??????,????? (??????),??????
194,????? ???,???? A,????
195,????? ???,???? A,????????
196,????? ???,???? A,??? ????
197,????? ???,???? B,????
198,????? ???,???? B,????????
199,????? ???,???? B,??? ????
200,????? ???,???? C,????
201,????? ???,???? C,????????
202,????? ???,???? C,??? ????
203,????? ???,???? E,????
204,????? ???,???? E,????????
205,????? ???,???? E,??? ????
206,????? ???,???? S,????
207,????? ???,???? S,????????
208,????? ???,???? S,??? ????
209,????? ???,CLA,????
210,????? ???,CLA,????????
211,????? ???,CLA,??? ????
212,????? ???,CLS,????
213,????? ???,CLS,????????
214,????? ???,CLS,??? ????
215,????? ???,GLA,????
216,????? ???,GLA,????????
217,????? ???,GLA,??? ????
218,????? ???,GLC,????
219,????? ???,GLC,????????
220,????? ???,GLC,??? ????
221,????? ???,GLE,????
222,????? ???,GLE,????????
223,????? ???,GLE,??? ????
224,????? ???,GLS,????
225,????? ???,GLS,????????
226,????? ???,GLS,??? ????
227,????? ???,???? G (??????????),????
228,????? ???,???? G (??????????),????????
229,????? ???,???? G (??????????),??? ????
230,????? ???,SLK/SLC,????
231,????? ???,SLK/SLC,????????
232,????? ???,SLK/SLC,??? ????
233,???????,??? 1,????
234,???????,??? 1,????????
235,???????,??? 1,??? ????
236,???????,??? 2,????
237,???????,??? 2,????????
238,???????,??? 2,??? ????
239,???????,??? 3,????
240,???????,??? 3,????????
241,???????,??? 3,??? ????
242,???????,??? 4,????
243,???????,??? 4,????????
244,???????,??? 4,??? ????
245,???????,??? 5,????
246,???????,??? 5,????????
247,???????,??? 5,??? ????
248,???????,??? 6,????
249,???????,??? 6,????????
250,???????,??? 6,??? ????
251,???????,??? 7,????
252,???????,??? 7,????????
253,???????,??? 7,??? ????
254,???????,X1,????
255,???????,X1,????????
256,???????,X1,??? ????
257,???????,X2,????
258,???????,X2,????????
259,???????,X2,??? ????
260,???????,X3,????
261,???????,X3,????????
262,???????,X3,??? ????
263,???????,X4,????
264,???????,X4,????????
265,???????,X4,??? ????
266,???????,X5,????
267,???????,X5,????????
268,???????,X5,??? ????
269,???????,X6,????
270,???????,X6,????????
271,???????,X6,??? ????
272,???????,X7,????
273,???????,X7,????????
274,???????,X7,??? ????
275,???????,Z4,????
276,???????,Z4,????????
277,???????,Z4,??? ????
278,?????,?????,????
279,?????,?????,????????
280,?????,?????,??? ????
281,?????,????/?????,????
282,?????,????/?????,????????
283,?????,????/?????,??? ????
284,?????,??????,????
285,?????,??????,????????
286,?????,??????,??? ????
287,?????,???????,????
288,?????,???????,????????
289,?????,???????,??? ????
290,?????,?????,????
291,?????,?????,????????
292,?????,?????,??? ????
293,?????,?????????,????
294,?????,?????????,????????
295,?????,?????????,??? ????
296,?????,??????,????
297,?????,??????,????????
298,?????,??????,??? ????
299,?????,???,????
300,?????,???,????????
301,?????,???,??? ????
302,?????,??????,????
303,?????,??????,????????
304,?????,??????,??? ????
305,?????,????? (????),????
306,?????,????? (????),????????
307,?????,????? (????),??? ????
308,?????,????,????
309,?????,????,????????
310,?????,????,??? ????
311,?????????,????,????
312,?????????,????,????????
313,?????????,????,??? ????
314,?????????,ASX,????
315,?????????,ASX,????????
316,?????????,ASX,??? ????
317,?????????,???????,????
318,?????????,???????,????????
319,?????????,???????,??? ????
320,?????????,??????,????
321,?????????,??????,????????
322,?????????,??????,??? ????
323,?????????,?????,????
324,?????????,?????,????????
325,?????????,?????,??? ????
326,?????????,?????? ????,????
327,?????????,?????? ????,????????
328,?????????,?????? ????,??? ????
329,?????,?????,????
330,?????,?????,????????
331,?????,?????,??? ????
332,?????,?????,????
333,?????,?????,????????
334,?????,?????,??? ????
335,?????,????,????
336,?????,????,????????
337,?????,????,??? ????
338,?????,CR-V,????
339,?????,CR-V,????????
340,?????,CR-V,??? ????
341,?????,HR-V,????
342,?????,HR-V,????????
343,?????,HR-V,??? ????
344,?????,??????,????
345,?????,??????,????????
346,?????,??????,??? ????
347,????,???? 2,????
348,????,???? 2,????????
349,????,???? 2,??? ????
350,????,???? 3,????
351,????,???? 3,????????
352,????,???? 3,??? ????
353,????,???? 6,????
354,????,???? 6,????????
355,????,???? 6,??? ????
356,????,CX-3,????
357,????,CX-3,????????
358,????,CX-3,??? ????
359,????,CX-5,????
360,????,CX-5,????????
361,????,CX-5,??? ????
362,????,CX-9,????
363,????,CX-9,????????
364,????,CX-9,??? ????
365,????,BT-50 (????),????
366,????,BT-50 (????),????????
367,????,BT-50 (????),??? ????
368,??????,??????,????
369,??????,??????,????????
370,??????,??????,??? ????
371,??????,??????,????
372,??????,??????,????????
373,??????,??????,??? ????
374,??????,?????,????
375,??????,?????,????????
376,??????,?????,??? ????
377,??????,??????,????
378,??????,??????,????????
379,??????,??????,??? ????
380,??????,?????,????
381,??????,?????,????????
382,??????,?????,??? ????
383,??????,??-????,????
384,??????,??-????,????????
385,??????,??-????,??? ????
386,??? (??????? ??????),????? 5,????
387,??? (??????? ??????),????? 5,????????
388,??? (??????? ??????),????? 5,??? ????
389,??? (??????? ??????),???? 8,????
390,??? (??????? ??????),???? 8,????????
391,??? (??????? ??????),???? 8,??? ????
392,?? (JAC),?? 4 (J4),????
393,?? (JAC),?? 4 (J4),????????
394,?? (JAC),?? 4 (J4),??? ????
395,?? (JAC),?? 3 (S3),????
396,?? (JAC),?? 3 (S3),????????
397,?? (JAC),?? 3 (S3),??? ????
398,?? (JAC),?? 5 (S5),????
399,?? (JAC),?? 5 (S5),????????
400,?? (JAC),?? 5 (S5),??? ????
401,?? (JAC),?? 7 (S7),????
402,?? (JAC),?? 7 (S7),????????
403,?? (JAC),?? 7 (S7),??? ????
404,???????? / ?????,H6,????
405,???????? / ?????,H6,????????
406,???????? / ?????,H6,??? ????
407,???????? / ?????,H2,????
408,???????? / ?????,H2,????????
409,???????? / ?????,H2,??? ????
410,???????? / ?????,??????,????
411,???????? / ?????,??????,????????
412,???????? / ?????,??????,??? ????
413,???????? / ?????,????? 5 (????),????
414,???????? / ?????,????? 5 (????),????????
415,???????? / ?????,????? 5 (????),??? ????
416,??????,CS35,????
417,??????,CS35,????????
418,??????,CS35,??? ????
419,??????,CS35 ????,????
420,??????,CS35 ????,????????
421,??????,CS35 ????,??? ????
422,??????,????,????
423,??????,????,????????
424,??????,????,??? ????
425,??????,???? (Eado),????
426,??????,???? (Eado),????????
427,??????,???? (Eado),??? ????
428,????,?????? 7,????
429,????,?????? 7,????????
430,????,?????? 7,??? ????
431,????,GC6,????
432,????,GC6,????????
433,????,GC6,??? ????
434,????,?????? X7,????
435,????,?????? X7,????????
436,????,?????? X7,??? ????
437,?????????,F3,????
438,?????????,F3,????????
439,?????????,F3,??? ????
440,?????????,S6,????
441,?????????,S6,????????
442,?????????,S6,??? ????
443,?????????,??3 (??????? ????),????
444,?????????,??3 (??????? ????),????????
445,?????????,??3 (??????? ????),??? ????
446,?????,X60,????
447,?????,X60,????????
448,?????,X60,??? ????
449,?????,820,????
450,?????,820,????????
451,?????,820,??? ????
452,?????,X50,????
453,?????,X50,????????
454,?????,X50,??? ????
455,???????,H320,????
456,???????,H320,????????
457,???????,H320,??? ????
458,???????,H330,????
459,???????,H330,????????
460,???????,H330,??? ????
461,???????,H220,????
462,???????,H220,????????
463,???????,H220,??? ????
464,????? (MG),MG 6,????
465,????? (MG),MG 6,????????
466,????? (MG),MG 6,??? ????
467,????? (MG),MG GT,????
468,????? (MG),MG GT,????????
469,????? (MG),MG GT,??? ????
470,????? (MG),MG RX5,????
471,????? (MG),MG RX5,????????
472,????? (MG),MG RX5,??? ????
473,????? (MG),MG ZS,????
474,????? (MG),MG ZS,????????
475,????? (MG),MG ZS,??? ????
476,?????,??????,????
477,?????,??????,????????
478,?????,??????,??? ????
479,?????,???????,????
480,?????,???????,????????
481,?????,???????,??? ????
482,??????????? (DFSK),????? 580,????
483,??????????? (DFSK),????? 580,????????
484,??????????? (DFSK),????? 580,??? ????
485,??????????? (DFSK),?????,????
486,??????????? (DFSK),?????,????????
487,??????????? (DFSK),?????,??? ????
488,???????? / ???????? (GAC / ??????),GS4,????
489,???????? / ???????? (GAC / ??????),GS4,????????
490,???????? / ???????? (GAC / ??????),GS4,??? ????
491,???????? / ???????? (GAC / ??????),GS8,????
492,???????? / ???????? (GAC / ??????),GS8,????????
493,???????? / ???????? (GAC / ??????),GS8,??? ????
494,????? (Zotye),Z300,????
495,????? (Zotye),Z300,????????
496,????? (Zotye),Z300,??? ????
497,????? (Zotye),T600,????
498,????? (Zotye),T600,????????
499,????? (Zotye),T600,??? ????
500,???? (BAIC),X25,????
501,???? (BAIC),X25,????????
502,???? (BAIC),X25,??? ????
503,???? (BAIC),X55,????
504,???? (BAIC),X55,????????
505,???? (BAIC),X55,??? ????
506,????? (???????/??????),S5,????
507,????? (???????/??????),S5,????????
508,????? (???????/??????),S5,??? ????
509,????? (???????/??????),S7,????
510,????? (???????/??????),S7,????????
511,????? (???????/??????),S7,??? ????
512,?? ????? - ???????? ????,T8 (????),????
513,?? ????? - ???????? ????,T8 (????),????????
514,?? ????? - ???????? ????,T8 (????),??? ????
515,???,?????? ???????,????
516,???,?????? ???????,????????
517,???,???? 90 (L90),????
518,???,???? 90 (L90),????????
519,???,?????,????
520,???,?????,????????
521,???,?????,??? ????
522,???,????,????
523,???,????,????????
524,???,????,??? ????
525,???,??????,????
526,???,??????,????????
527,???,??????,??? ????
528,???,??????,????
529,???,??????,????????
530,???,??????,??? ????
531,???,????,????
532,???,????,????????
533,???,????,??? ????
534,???,????????,????
535,???,????????,????????
536,???,????????,??? ????
537,??? (??????? ??????),??? 208,????
538,??? (??????? ??????),??? 208,????????
539,??? (??????? ??????),??? 208,??? ????
540,??? (??????? ??????),??? 2008,????
541,??? (??????? ??????),??? 2008,????????
542,??? (??????? ??????),??? 2008,??? ????
543,??? (??????? ??????),??? 301,????
544,??? (??????? ??????),??? 301,????????
545,??? (??????? ??????),??? 301,??? ????
546,??? (??????? ??????),??? 3008,????
547,??? (??????? ??????),??? 3008,????????
548,??? (??????? ??????),??? 3008,??? ????
549,??? (??????? ??????),??? 408,????
550,??? (??????? ??????),??? 408,????????
551,??? (??????? ??????),??? 408,??? ????
552,??? (??????? ??????),??? 508,????
553,??? (??????? ??????),??? 508,????????
554,??? (??????? ??????),??? 508,??? ????
555,??? (??????? ??????),??? 5008,????
556,??? (??????? ??????),??? 5008,????????
557,??? (??????? ??????),??? 5008,??? ????
558,???????,??????,????
559,???????,C5,????
560,???????,C5,????????
561,???????,C5,??? ????
562,???????,C4,????
563,???????,C4,????????
564,???????,C4,??? ????
565,???????,C3,????
566,???????,C3,????????
567,???????,C3,??? ????
568,??????????,?????,????
569,??????????,?????,????????
570,??????????,?????,??? ????
571,??????????,???,????
572,??????????,???,????????
573,??????????,???,??? ????
574,??????????,???,????
575,??????????,???,????????
576,??????????,???,??? ????
577,??????????,????,????
578,??????????,????,????????
579,??????????,????,??? ????
580,??????????,??????,????
581,??????????,??????,????????
582,??????????,??????,??? ????
583,??????????,?????,????
584,??????????,?????,????????
585,??????????,?????,??? ????
586,??????????,??-???,????
587,??????????,??-???,????????
588,??????????,??-???,??? ????
589,?????,A3,????
590,?????,A3,????????
591,?????,A3,??? ????
592,?????,A4,????
593,?????,A4,????????
594,?????,A4,??? ????
595,?????,A5,????
596,?????,A5,????????
597,?????,A5,??? ????
598,?????,A6,????
599,?????,A6,????????
600,?????,A6,??? ????
601,?????,A7,????
602,?????,A7,????????
603,?????,A7,??? ????
604,?????,A8,????
605,?????,A8,????????
606,?????,A8,??? ????
607,?????,Q3,????
608,?????,Q3,????????
609,?????,Q3,??? ????
610,?????,Q5,????
611,?????,Q5,????????
612,?????,Q5,??? ????
613,?????,Q7,????
614,?????,Q7,????????
615,?????,Q7,??? ????
616,?????,Q8,????
617,?????,Q8,????????
618,?????,Q8,??? ????
619,??????,????,????
620,??????,????,????????
621,??????,????,??? ????
622,??????,??????,????
623,??????,??????,????????
624,??????,??????,??? ????
625,??????,??????,????
626,??????,??????,????????
627,??????,??????,??? ????
628,??????,????,????
629,??????,????,????????
630,??????,????,??? ????
631,??????,????,????
632,??????,????,????????
633,??????,????,??? ????
634,??????,??????,????
635,??????,??????,????????
636,??????,??????,??? ????
637,?????,ES,????
638,?????,ES,????????
639,?????,ES,??? ????
640,?????,IS,????
641,?????,IS,????????
642,?????,IS,??? ????
643,?????,LS,????
644,?????,LS,????????
645,?????,LS,??? ????
646,?????,RX,????
647,?????,RX,????????
648,?????,RX,??? ????
649,?????,NX,????
650,?????,NX,????????
651,?????,NX,??? ????
652,?????,GX,????
653,?????,GX,????????
654,?????,GX,??? ????
655,?????,LX,????
656,?????,LX,????????
657,?????,LX,??? ????
658,????,?????,????
659,????,?????,????????
660,????,?????,??? ????
661,????,?????,????
662,????,?????,????????
663,????,?????,??? ????
664,????,??????,????
665,????,??????,????????
666,????,??????,??? ????
667,????,????,????
668,????,????,????????
669,????,????,??? ????
670,????,????,????
671,????,????,????????
672,????,????,??? ????
673,????,????????,????
674,????,????????,????????
675,????,????????,??? ????
676,????,??,????
677,????,??,????????
678,????,??,??? ????
679,????,S60,????
680,????,S60,????????
681,????,S60,??? ????
682,????,XC60,????
683,????,XC60,????????
684,????,XC60,??? ????
685,????,XC90,????
686,????,XC90,????????
687,????,XC90,??? ????
688,??????,???????,????
689,??????,???????,????????
690,??????,???????,??? ????
691,??????,?????,????
692,??????,?????,????????
693,??????,?????,??? ????
694,???????,???????? ?????,????
695,???????,???????? ?????,????????
696,???????,???????? ?????,??? ????
697,???????,????????,????
698,???????,????????,????????
699,???????,????????,??? ????
700,???????,????,????
701,???????,????,????????
702,???????,????,??? ????
703,???,?????,????
704,???,?????,????????
705,???,?????,??? ????
706,???,???? ?????,????
707,???,???? ?????,????????
708,???,???? ?????,??? ????
709,?????,????,????
710,?????,????,????????
711,?????,????,??? ????
712,?????,???????,????
713,?????,???????,????????
714,?????,???????,??? ????
715,????,????,????
716,????,????,????????
717,????,????,??? ????
718,????,500,????
719,????,500,????????
720,????,500,??? ????
721,???? ???? (SsangYong),???????,????
722,???? ???? (SsangYong),???????,????????
723,???? ???? (SsangYong),???????,??? ????
724,???? ???? (SsangYong),??????,????
725,???? ???? (SsangYong),??????,????????
726,???? ???? (SsangYong),??????,??? ????
727,???? ???? (SsangYong),??????,????
728,???? ???? (SsangYong),??????,????????
729,???? ???? (SsangYong),??????,??? ????
730,??????,??????,????
731,??????,??????,????????
732,??????,??????,??? ????
733,??????,???????,????
734,??????,???????,????????
735,??????,???????,??? ????
736,?????,G70,????
737,?????,G70,????????
738,?????,G70,??? ????
739,?????,G80,????
740,?????,G80,????????
741,?????,G80,??? ????
